"Timestamp","How old are you?","What is your gender?","How often do you use your phone?","Where did you find this survey?","Have you used a scheduling app before?","What did you like?","What did you dislike?","Have you ever used a family scheduling app?","What did you like?","What did you dislike?","Would you be interested in using a family scheduling app?","What features would you want included in the app?","If you answered yes in the first question of this section. Why and what features would you like to see?","What is an important thing to have for a family scheduling app?","Do you have children?","How do you manage your family's schedule or your own if you answered no?","What do you like and dislike about that?"
"2018/10/17 2:32:46 PM MDT","18-25","Female","A lot","Facebook","Yes","I liked how it split up my ability to view my schedule into month, week, and day.","It didnt provide an option that allowed you to play with the schedule before publishing it","No","","","Likely","Schedule;Monthly view;Weekly view;Daily view;Reminders;Grouping to see your schedule only, parents schedule only, or kids schedule only, or everyone at once;Ability to grant other users access to the family schedule to see open blocks of time in their day;Kids ability to add to the schedule but most be approved by the parents;Parents option to edit schedule and publish","I wouldnt at this time suggest including anymore features","I think that it is important to not grant full access to the children considering how great they are with technology","No","scheduling app","I like that it reminds me 30min to that I need to be at a certain location and that I can change the time stamp reminder to something that fits me better."
"2018/10/17 9:51:59 PM MDT","18-25","Male","A great deal","Facebook","Yes","Simple","Hard to navigate","No","","","Very unlikely","Schedule;Monthly view;Weekly view;Daily view;Location of where the individual will be in the time slot;Reminders;Grouping to see your schedule only, parents schedule only, or kids schedule only, or everyone at once;Ability to grant other users access to the family schedule to see open blocks of time in their day;Integration into other calendar/schedule apps;Kids ability to add to the schedule but most be approved by the parents;Parents option to edit schedule and publish;Notifications","","","No","paper calendar",""
"2018/10/17 9:54:11 PM MDT","18-25","Male","A great deal","Facebook","Yes","That everything I plan is laid out","Nothing.","No","","","Likely","Schedule;Monthly view;Weekly view;Daily view;Location of where the individual will be in the time slot;Reminders;Grouping to see your schedule only, parents schedule only, or kids schedule only, or everyone at once;Ability to grant other users access to the family schedule to see open blocks of time in their day;Integration into other calendar/schedule apps;Kids ability to add to the schedule but most be approved by the parents;Parents option to edit schedule and publish;Notifications","The ability to sync with other family members so we will all be on the same page. ","Approval by a parent","No","scheduling app",""
"2018/10/17 10:00:20 PM MDT","18-25","Male","A lot","Friend","No","","","No","","","Likely","Schedule;Monthly view;Weekly view;Daily view;Reminders","","","No","Journal","Nothing."
"2018/10/17 10:02:45 PM MDT","26-60","Male","A great deal","Friend","Yes","Convenience, being able to choose from multiple time slots, having it send me reminders of my appointments. Ability to copy and paste events, set recurring events, easily change time segments and rename stuff","Not much. I haven't used any really bad schedulers","No","","","Very unlikely","I don't know what you mean by family scheduling","","","No","I just wing it","I forget commitments from time to time"
"2018/10/17 10:13:30 PM MDT","26-60","Male","A great deal","Kik","Yes","Intuitiveness","Clunky ui","No","","","Neither likely nor unlikely","Reminders;Grouping to see your schedule only, parents schedule only, or kids schedule only, or everyone at once;Integration into other calendar/schedule apps","","Idk","No","Google calendar","Ease of use, global integration"
"2018/10/17 10:51:04 PM MDT","18-25","Female","A great deal","Reddit","No","","","No","","","Likely","Schedule;Monthly view;Weekly view;Daily view;Location of where the individual will be in the time slot;Reminders;Grouping to see your schedule only, parents schedule only, or kids schedule only, or everyone at once;Parents option to edit schedule and publish","","Checklists","No","paper calendar","Not being able to access it when I’m not home"
"2018/10/17 11:37:32 PM MDT","26-60","Male","A little","Reddit","No","does doodle.com count? positive: recipients need not register","","No","does google calendar invitation count? unsure whether I liked the auto-appear on calendar feature","","Very unlikely","distributed content like diaspora (not walled garden like gmail)","","hiding surprise parties","No","a wall calendar gets some stuff written in","when forgetful, one may receive near-zero notice of an activity or guests arriving"
"2018/10/18 1:43:41 AM MDT","18-25","Female","A moderate amount","Reddit","No","","","No","","","Likely","Schedule;Monthly view;Weekly view;Daily view;Location of where the individual will be in the time slot;Reminders;Integration into other calendar/schedule apps;Notifications","","","No","paper calendar",""
"2018/10/18 3:23:48 AM MDT","26-60","Female","A great deal","Reddit","No","","","No","","","Very unlikely","Schedule;Monthly view;Weekly view;Daily view;Reminders","","","No","paper calendar",""
"2018/10/18 3:26:20 AM MDT","18-25","Female","A lot","Friend","No","","","No","","","Likely","Schedule;Daily view;Reminders;Ability to grant other users access to the family schedule to see open blocks of time in their day","","","No","paper calendar",""
"2018/10/18 12:07:25 PM MDT","18-25","Female","A great deal","Facebook","Yes","Convenience","Layout can be confusing sometimes","No","","","Neither likely nor unlikely","Schedule;Monthly view;Weekly view;Daily view;Location of where the individual will be in the time slot;Reminders;Grouping to see your schedule only, parents schedule only, or kids schedule only, or everyone at once;Integration into other calendar/schedule apps;Notifications","","Ability to see other family member’s schedules","No","Calendar app","I like the option see the month in a schedule as it’s easy to see special dates. But, I often to forget to add important dates to it."
"2018/10/18 12:56:01 PM MDT","18-25","Female","A great deal","Facebook","No","","","No","","","Neither likely nor unlikely","Schedule;Monthly view;Weekly view;Daily view;Location of where the individual will be in the time slot;Reminders;Grouping to see your schedule only, parents schedule only, or kids schedule only, or everyone at once;Integration into other calendar/schedule apps;Kids ability to add to the schedule but most be approved by the parents;Parents option to edit schedule and publish;Notifications","","","No","The calendar app on my phone","I like that i can see it anytime, but dislike that it doesn't give me reminders"
"2018/10/18 1:02:13 PM MDT","26-60","Female","A great deal","Facebook","No","","","No","","","Unlikely","Weekly view;Reminders;Integration into other calendar/schedule apps;Parents option to edit schedule and publish;Notifications","","","Yes","I just remember ",""
"2018/10/18 1:10:52 PM MDT","18-25","Male","A moderate amount","Wechat","No","
","","No","","","Likely","Schedule;Monthly view;Weekly view;Daily view;Location of where the individual will be in the time slot;Reminders;Grouping to see your schedule only, parents schedule only, or kids schedule only, or everyone at once;Ability to grant other users access to the family schedule to see open blocks of time in their day;Integration into other calendar/schedule apps;Kids ability to add to the schedule but most be approved by the parents;Parents option to edit schedule and publish;Notifications","To have an organized plan of what the family has scheduled","Organization","No","paper calendar","It keeps up with some events but you cant list everything you have to do on one day"
"2018/10/18 1:13:06 PM MDT","18-25","Female","A great deal","Facebook","Yes","","","No","","","Very likely","Schedule;Monthly view;Weekly view;Daily view;Reminders;Grouping to see your schedule only, parents schedule only, or kids schedule only, or everyone at once;Ability to grant other users access to the family schedule to see open blocks of time in their day;Kids ability to add to the schedule but most be approved by the parents;Parents option to edit schedule and publish","","","No","paper calendar",""
"2018/10/18 1:14:14 PM MDT","26-60","Female","A lot","Facebook","No","","","No","","","Likely","Schedule;Monthly view;Weekly view;Daily view;Reminders;Ability to grant other users access to the family schedule to see open blocks of time in their day;Notifications","","","Yes","paper calendar","I can look at it daily"
"2018/10/18 1:16:38 PM MDT","18-25","Female","A moderate amount","Facebook","No","","","No","Yea","Nothing","Unlikely","Weekly view;Daily view;Reminders","Daily schedule reminders ","Colour coordinated ","No","paper calendar","Good reminder as a paper copy "
"2018/10/18 1:48:56 PM MDT","26-60","Female","A lot","Facebook","Yes","convenient, simple, connected with phone contacts. ","reminder settings weren't ideal","No","","","Unlikely","Schedule;Weekly view;Daily view;Location of where the individual will be in the time slot;Reminders;Grouping to see your schedule only, parents schedule only, or kids schedule only, or everyone at once;Integration into other calendar/schedule apps;Kids ability to add to the schedule but most be approved by the parents;Parents option to edit schedule and publish","","","No","scheduling app","it is not visible to my partner, sometimes I forget to put things in there and miss appointments. "
"2018/10/18 1:52:51 PM MDT","18-25","Male","A great deal","","Yes","Notifications","Failure to reserve notifications lol","No","Blank","Blank","Unlikely","Location of where the individual will be in the time slot;Ability to grant other users access to the family schedule to see open blocks of time in their day;Kids ability to add to the schedule but most be approved by the parents","","","No","Notes in my phone","Not the most efficient way always"
"2018/10/18 2:06:24 PM MDT","26-60","Female","A lot","Facebook","Yes","Looking ahead","Stressing over too many commitments","No","Na","Na","Neither likely nor unlikely","Schedule;Monthly view;Weekly view;Reminders;Grouping to see your schedule only, parents schedule only, or kids schedule only, or everyone at once;Ability to grant other users access to the family schedule to see open blocks of time in their day;Integration into other calendar/schedule apps;Kids ability to add to the schedule but most be approved by the parents","Na","Free","Yes","scheduling app","Boring interface of calendar on smartphone"
"2018/10/18 2:25:04 PM MDT","26-60","Female","A lot","Facebook","Yes","","","No","","","Likely","Monthly view;Weekly view;Daily view;Grouping to see your schedule only, parents schedule only, or kids schedule only, or everyone at once;Ability to grant other users access to the family schedule to see open blocks of time in their day;Kids ability to add to the schedule but most be approved by the parents;Parents option to edit schedule and publish","","","Yes","paper calendar",""
"2018/10/18 2:45:06 PM MDT","26-60","Female","A lot","Facebook","No","","","No","N/A","N/A","Likely","Schedule;Monthly view;Weekly view;Daily view;Reminders;Grouping to see your schedule only, parents schedule only, or kids schedule only, or everyone at once;Integration into other calendar/schedule apps;Parents option to edit schedule and publish","It’s nice to have a calendar that comes with us wherever and edited to our specific needs, especially where we can see certain people at one time","Reminders! And different kinds with different frequencies","Yes","paper calendar","Paper calendars are hard to make constant edits on and when we are out of the house(which is frequent) we can’t double check times"
"2018/10/18 3:07:05 PM MDT","18-25","Female","A great deal","Facebook","No","","","No","","","Neither likely nor unlikely","Schedule;Monthly view;Weekly view;Daily view;Reminders;Grouping to see your schedule only, parents schedule only, or kids schedule only, or everyone at once;Integration into other calendar/schedule apps;Kids ability to add to the schedule but most be approved by the parents","","","Yes","Calander app","It’s hard to use sometimes "
"2018/10/18 3:11:01 PM MDT","26-60","Female","A great deal","Facebook","No","","","No","","","Neither likely nor unlikely","Monthly view;Weekly view;Daily view","","","Yes","Memory ","I forget things "
"2018/10/18 3:31:24 PM MDT","26-60","Female","A little","Facebook","No","","","No","","","Unlikely","I do not like the lack of privacy. ","","","Yes","we talk to each other. ","Sometimes they do not call. "
"2018/10/18 4:36:09 PM MDT","26-60","Female","A great deal","Facebook","No","","","No","","","Neither likely nor unlikely","Schedule;Monthly view;Weekly view;Daily view;Location of where the individual will be in the time slot;Reminders;Ability to grant other users access to the family schedule to see open blocks of time in their day","Having our schedule digitally would make it easier to update and use. Reminders would be a main reason for me to use the app.","The ability for both parents to add/remove/edit would be great.","Yes","paper calendar","I like it because I’m a paper and pen person, I don’t like it because I can’t easily bring it everywhere with me."
"2018/10/18 4:45:32 PM MDT","18-25","Female","A great deal","Facebook","Yes","Google calendar","Nothing","No","","","Likely","Schedule;Monthly view;Weekly view;Daily view;Reminders;Grouping to see your schedule only, parents schedule only, or kids schedule only, or everyone at once;Ability to grant other users access to the family schedule to see open blocks of time in their day;Integration into other calendar/schedule apps;Kids ability to add to the schedule but most be approved by the parents;Parents option to edit schedule and publish","","","No","None",""
"2018/10/18 4:57:45 PM MDT","18-25","Male","A lot","Friend . Zoe ","No","Simple ","Nothing","No","Simple","Nothing","Very unlikely","Schedule;Monthly view;Weekly view;Daily view;Location of where the individual will be in the time slot;Grouping to see your schedule only, parents schedule only, or kids schedule only, or everyone at once;Ability to grant other users access to the family schedule to see open blocks of time in their day;Integration into other calendar/schedule apps;Kids ability to add to the schedule but most be approved by the parents;Parents option to edit schedule and publish;Notifications","","Accuracy ","No","Notebook",""
"2018/10/18 5:21:09 PM MDT","26-60","Female","A great deal","Facebook","Yes","That gave me reminders","Not enough room","No","","","Likely","Schedule;Monthly view;Weekly view;Daily view;Location of where the individual will be in the time slot;Reminders;Grouping to see your schedule only, parents schedule only, or kids schedule only, or everyone at once;Ability to grant other users access to the family schedule to see open blocks of time in their day;Integration into other calendar/schedule apps;Kids ability to add to the schedule but most be approved by the parents;Notifications","Lots of room to put more on the same day","Able to put suggestions but not change unless that have the password","Yes","Notes","They get lost or they dont ser them"
"2018/10/18 5:49:00 PM MDT","26-60","Female","A lot","Facebook","No","","","No","","","Unlikely","Notifications","","","No","paper calendar",""
"2018/10/18 8:05:29 PM MDT","26-60","Female","A great deal","Facebook","No","","","No","","","Neither likely nor unlikely","Monthly view;Weekly view;Daily view","","","Yes","Memory ","I forget things "
"2018/10/18 10:56:33 PM MDT","26-60","Female","A moderate amount","Facebook","No","","","No","","","Unlikely","Schedule;Weekly view","","","Yes","my i-phone",""
"2018/10/18 11:17:31 PM MDT","26-60","Female","A moderate amount","Facebook","No","","","No","","","Neither likely nor unlikely","Schedule;Monthly view;Kids ability to add to the schedule but most be approved by the parents;Parents option to edit schedule and publish","","","Yes","paper calendar","I don't like that's its not with me all the time "
"2018/10/18 11:30:58 PM MDT","18-25","Male","A lot","Facebook","No","","","No","","","Neither likely nor unlikely","Weekly view;Grouping to see your schedule only, parents schedule only, or kids schedule only, or everyone at once;Integration into other calendar/schedule apps;Notifications","","","No","Pen and paper ",""
"2018/10/19 12:23:37 AM MDT","18-25","Female","A great deal","Facebook","Yes","Colour coordinating my work and school ","When I can’t synch my schedules automatically from my work or school site. (I can with certain things)","No","","","Very likely","Schedule;Monthly view;Weekly view;Daily view;Location of where the individual will be in the time slot;Reminders;Grouping to see your schedule only, parents schedule only, or kids schedule only, or everyone at once;Ability to grant other users access to the family schedule to see open blocks of time in their day;Integration into other calendar/schedule apps","I would like to have people synch their schedule with mine so I can see when they are available but I would also want to be in control of what other see for me. ","Colours for each person","No","scheduling app","I have to manually add everyone’s info if I want it then we can’t share it"
"2018/10/19 5:12:05 AM MDT","18-25","Female","A lot","From a friend","Yes","Alarms","","No","","","Unlikely","Schedule;Monthly view;Weekly view;Daily view;Reminders;Grouping to see your schedule only, parents schedule only, or kids schedule only, or everyone at once;Kids ability to add to the schedule but most be approved by the parents;Parents option to edit schedule and publish;Notifications;Ability to drag and drop event","","Notifications","No","Communicate over Whatsapp","Poor communication, but instant "
"2018/10/19 7:53:51 AM MDT","26-60","Female","A great deal","Facebook","Yes","Easy to see daily schedule ","Not being able to easily move appointments around ","No","","","Unlikely","Schedule;Monthly view;Weekly view;Daily view;Grouping to see your schedule only, parents schedule only, or kids schedule only, or everyone at once;Integration into other calendar/schedule apps","","","No","paper calendar","I like the creativity, dislike the time it takes sometimes "
"2018/10/19 8:11:19 AM MDT","26-60","Female","A great deal","Facebook","Yes","","","No","","","Likely","Schedule;Monthly view;Weekly view;Daily view;Location of where the individual will be in the time slot;Reminders;Grouping to see your schedule only, parents schedule only, or kids schedule only, or everyone at once;Ability to grant other users access to the family schedule to see open blocks of time in their day;Kids ability to add to the schedule but most be approved by the parents;Parents option to edit schedule and publish","","","Yes","paper calendar",""
"2018/10/19 8:59:24 AM MDT","26-60","Female","A moderate amount","Facebook","No","","","No","","","Unlikely","Schedule;Weekly view;Location of where the individual will be in the time slot;Reminders;Ability to grant other users access to the family schedule to see open blocks of time in their day;Integration into other calendar/schedule apps;Parents option to edit schedule and publish","","","Yes","paper calendar","Nothing"
"2018/10/19 9:43:35 AM MDT","26-60","Female","A great deal","Facebook","No","","","No","","","Neither likely nor unlikely","Notifications","","","Yes","paper calendar","Works fine. "
"2018/10/19 11:53:29 AM MDT","26-60","Male","A lot","Facebook","No","","","No","","","Neither likely nor unlikely","Schedule;Monthly view;Weekly view;Daily view;Reminders","","","No","paper calendar",""
"2018/10/19 12:32:40 PM MDT","18-25","Female","A lot","Facebook","Yes","Organization","Nothing","No","","","Likely","Schedule;Monthly view;Weekly view;Daily view;Location of where the individual will be in the time slot;Reminders;Grouping to see your schedule only, parents schedule only, or kids schedule only, or everyone at once;Ability to grant other users access to the family schedule to see open blocks of time in their day;Integration into other calendar/schedule apps;Kids ability to add to the schedule but most be approved by the parents;Parents option to edit schedule and publish;Notifications","","","No","scheduling app",""
"2018/10/19 2:25:02 PM MDT","18-25","Female","A lot","Facebook","Yes","","","No","","","Neither likely nor unlikely","Schedule;Monthly view;Weekly view;Daily view;Location of where the individual will be in the time slot;Reminders;Grouping to see your schedule only, parents schedule only, or kids schedule only, or everyone at once;Integration into other calendar/schedule apps;Kids ability to add to the schedule but most be approved by the parents;Parents option to edit schedule and publish;Notifications","","","No","paper calendar",""
"2018/10/19 7:40:13 PM MDT","26-60","Male","A great deal","","No","","","No","","","Very unlikely","Schedule;Monthly view;Weekly view;Daily view;Location of where the individual will be in the time slot;Reminders;Grouping to see your schedule only, parents schedule only, or kids schedule only, or everyone at once;Ability to grant other users access to the family schedule to see open blocks of time in their day;Integration into other calendar/schedule apps;Kids ability to add to the schedule but most be approved by the parents;Parents option to edit schedule and publish;Notifications","","","No","paper calendar",""
"2018/10/20 12:20:40 AM MDT","26-60","Female","A lot","Facebook","No","","","No","NA","NA","Unlikely","Schedule;Weekly view;Kids ability to add to the schedule but most be approved by the parents;Parents option to edit schedule and publish","NA","Easy to use, doesn't forget appointments ","Yes","paper calendar","Gets confusing when appointments are added before/after ones already written down, easy to get confused"
"2018/10/20 9:33:29 PM MDT","26-60","Male","A lot","Facebook","Yes","Convenience","","No","","","Unlikely","Schedule;Reminders","","","No","Work app. ",""